,Estimate,Std. Error,t value,Pr(>|t|)
(Intercept),-2.677038135,0.076912153,-34.80643859,4.39E-253
BB,0.01592029,0.00075733,21.02160533,2.16E-96
SO,-0.009233973,0.000457362,-20.18962129,3.51E-89
SB,0.002168133,0.001085714,1.99696428,0.045851387
RBI,0.017535124,0.00068296,25.67517318,1.30E-141
OPS,-1.031847131,0.12146781,-8.494819564,2.21E-17
IBB,0.02419586,0.003167767,7.638143982,2.37E-14
